,chroma_stft,spectral_centroid,spectral_bandwidth,rolloff,zero_crossing_rate,mfcc1,mfcc2,mfcc3,mfcc4,mfcc5,mfcc6,mfcc7,mfcc8,mfcc9,mfcc10,mfcc11,mfcc12,mfcc13,mfcc14,mfcc15,mfcc16,mfcc17,mfcc18,mfcc19,mfcc20,label
TestApp1.wav,0.12936145067214966,1287.370844424476,1236.5050198830775,1583.8654225824787,0.09276096592008513,-56.43927764892578,165.93687438964844,-47.34974670410156,-36.15717315673828,-35.34449005126953,2.081423282623291,4.897641658782959,2.527937412261963,-13.078289985656738,-6.455620765686035,-8.258111000061035,-0.44174233078956604,-12.392303466796875,6.392789840698242,4.621943473815918,-1.2696703672409058,-18.5168514251709,-1.6333075761795044,4.445579528808594,-0.02792556770145893,trusted
